,Avg. $/ML,Avg. Annual Profit ($),Avg. Annual Profit ($M),Avg. Dryland Area (Ha),Avg. GPWUI,Avg. IWUI,Avg. Irrigated Area (Ha),Avg. ML,Avg. ML/Ha,Income Volatility,Total GW Used (ML),Total Rainfall (mm),Total SW Used (ML),SW Allocation Index,gw_trigger_current_rules,gw_trigger_proposed_rules,gw_trigger_norm_dist,Ecology Index,Recreation Index
0,23.3866025238,67816659.1421,67.8166591421,0.743665154981,0.574671520595,1.33089034559,0.256334845019,241650.673974,0.890921191654,0.519480382856,7087782.68587,129436.477156,20444169.0382,0.989040261004,0.367481902442,0.507746431229,0.123601301832,0.485254059639,0.727764693297
1,15.9929645719,68301900.1166,68.3019001166,0.667763615878,0.549565044959,1.61392326021,0.332236384122,355895.555457,1.6882686158,0.384760884331,18812679.2865,129436.477156,48807886.859,1.0,0.364335971856,0.50277383127,0.116704661372,0.486197450435,0.729384483352
2,16.0770844319,68655733.9438,68.6557339438,0.665031623916,0.554278334075,1.65493523877,0.334968376084,355867.457573,1.61747463497,0.38120779218,18091893.4991,129436.477156,47225876.6994,1.0,0.364335971856,0.50277383127,0.119296863048,0.486391541323,0.730158101121
3,16.0451278206,68519266.2275,68.5192662275,0.666233687701,0.551999337538,1.62645974605,0.333766312299,355867.458093,1.6482731094,0.382350803443,18623492.8991,129436.477156,47699136.7838,1.0,0.364335971856,0.50277383127,0.119296863048,0.486391597173,0.730158111268
4,16.2935057132,69376291.5444,69.3762915444,0.66218193851,0.553704368084,1.63185439077,0.33781806149,354825.887717,1.61588696653,0.375238450028,18675509.2896,129436.477156,47133280.9593,1.0,0.364335971856,0.50277383127,0.119183902128,0.486239447287,0.730300048861
5,16.1441458395,68955982.9233,68.9559829233,0.660526205284,0.556394518541,1.68756727081,0.339473794716,355939.048581,1.59280660049,0.378005526419,17121370.5413,129436.477156,48065384.9412,1.0,0.370805425885,0.514173601245,0.13948701421,0.490194026095,0.730227957238
6,16.9865961933,68436243.7734,68.4362437734,0.666233687701,0.556787636788,1.66024032045,0.333766312299,335736.497739,1.5974190626,0.384102875564,18623492.8991,129436.477156,45652889.6574,1.0,0.364335971856,0.50277383127,0.113827984383,0.486209489236,0.730165350755
7,15.4699184596,68780237.4354,68.7802374354,0.666233687701,0.543210384524,1.4430891482,0.333766312299,370505.278869,1.77416703037,0.378302046812,23694316.1884,129436.477156,47693988.5047,1.0,0.400556457615,0.551890941073,0.145704715667,0.505889538715,0.731188044286
8,16.0451278206,68519266.2275,68.5192662275,0.666233687701,0.551999337538,1.62645974605,0.333766312299,355867.458093,1.6482731094,0.382350803443,18623492.8991,129436.477156,47699136.7838,1.0,0.364335971856,0.50277383127,0.119296863048,0.486391597173,0.730158111268
9,23.4460782625,67794334.5349,67.7943345349,0.743665154981,0.574900967348,1.33594069479,0.256334845019,240958.330629,0.886223075553,0.519811540057,6942263.59052,129436.477156,20444503.2318,0.989076410928,0.325324741222,0.45047696367,-0.206202052631,0.453688221038,0.727959925177
10,23.2324503424,67335200.9412,67.3352009412,0.756007783728,0.573662644617,1.1897671273,0.243992216272,241527.116701,0.915976777543,0.518136438642,7289299.45211,129436.477156,19653982.6942,0.989053161527,0.352496448143,0.482240714431,0.0421407061653,0.478322156928,0.727767821312
11,23.3866025238,67816659.1421,67.8166591421,0.743665154981,0.574671520595,1.33089034559,0.256334845019,241650.673974,0.890921191654,0.519480382856,7087782.68587,129436.477156,20444169.0382,0.989040261004,0.367481902442,0.507746431229,0.123601301832,0.485254059639,0.727764693297
12,23.4362161383,67842695.8434,67.8426958434,0.743665154981,0.575293306691,1.31357835562,0.256334845019,241231.688323,0.883575712995,0.519110460867,7087782.68587,129436.477156,20217173.2436,0.99182519524,0.365359244977,0.504126919694,0.126426757438,0.484485734059,0.731093675449
13,22.5460566991,65151500.9353,65.1515009353,0.763310638643,0.563152699684,1.12377363542,0.236689361357,240808.928012,1.07067130998,0.524743193171,8672524.02968,129436.477156,21878443.3859,1.0,0.390374467221,0.549658345173,0.377145350485,0.501484235675,0.74543408134
14,23.3866025238,67816659.1421,67.8166591421,0.743665154981,0.574671520595,1.33089034559,0.256334845019,241650.673974,0.890921191654,0.519480382856,7087782.68587,129436.477156,20444169.0382,0.989040261004,0.367481902442,0.507746431229,0.123601301832,0.485254059639,0.727764693297
15,23.3866025238,67816659.1421,67.8166591421,0.743665154981,0.574671520595,1.33089034559,0.256334845019,241650.673974,0.890921191654,0.519480382856,7087782.68587,129436.477156,20444169.0382,0.989040261004,0.367481902442,0.507746431229,0.123601301832,0.485254059639,0.727764693297
16,23.3866025238,67816659.1421,67.8166591421,0.743665154981,0.574671520595,1.33089034559,0.256334845019,241650.673974,0.890921191654,0.519480382856,7087782.68587,129436.477156,20444169.0382,0.989040261004,0.367481902442,0.507746431229,0.123601301832,0.485254059639,0.727764693297
17,23.3866025238,67816659.1421,67.8166591421,0.743665154981,0.574671520595,1.33089034559,0.256334845019,241650.673974,0.890921191654,0.519480382856,7087782.68587,129436.477156,20444169.0382,0.989040261004,0.367481902442,0.507746431229,0.123601301832,0.485254059639,0.727764693297
18,23.3850041723,67815344.769,67.815344769,0.743665154981,0.574659174011,1.33221761197,0.256334845019,241662.50684,0.89091811718,0.519499153352,7087782.68587,129436.477156,20444074.0284,0.98889583249,0.367202827955,0.507306677491,0.121876707281,0.485091313881,0.727598347628
19,23.3866025238,67816659.1421,67.8166591421,0.743665154981,0.574671520595,1.33089034559,0.256334845019,241650.673974,0.890921191654,0.519480382856,7087782.68587,129436.477156,20444169.0382,0.989040261004,0.367481902442,0.507746431229,0.123601301832,0.485254059639,0.727764693297
20,23.38660184,67816660.2986,67.8166602986,0.743665154981,0.574671530783,1.33088499053,0.256334845019,241650.685161,0.890921286032,0.519480370371,7087782.68587,129436.477156,20444171.9548,0.989040866887,0.367481902442,0.507746431229,0.123601301832,0.485129595016,0.727749744986
21,23.3866025238,67816659.1421,67.8166591421,0.743665154981,0.574671520595,1.33089034559,0.256334845019,241650.673974,0.890921191654,0.519480382856,7087782.68587,129436.477156,20444169.0382,0.989040261004,0.367481902442,0.507746431229,0.123601301832,0.485254059639,0.727764693297
22,23.3866025238,67816659.1421,67.8166591421,0.743665154981,0.574671520595,1.33089034559,0.256334845019,241650.673974,0.890921191654,0.519480382856,7087782.68587,129436.477156,20444169.0382,0.989040261004,0.367481902442,0.507746431229,0.123601301832,0.485254059639,0.727764693297
23,23.3212811659,67764709.47,67.76470947,0.743665154981,0.574148874502,1.41440879725,0.256334845019,242141.891019,0.893811491474,0.520246587462,7087782.68587,129436.477156,20533487.3706,0.981519620234,0.368378323523,0.509133346864,0.125625024293,0.486485492291,0.720958427162
24,23.3866025238,67816659.1421,67.8166591421,0.743665154981,0.574671520595,1.33089034559,0.256334845019,241650.673974,0.890921191654,0.519480382856,7087782.68587,129436.477156,20444169.0382,0.989040261004,0.367481902442,0.507746431229,0.123601301832,0.485254059639,0.727764693297
25,23.4084801479,67836090.0086,67.8360900086,0.743665154981,0.574895376653,1.31574036579,0.256334845019,241493.999824,0.889016911841,0.519204253587,7087782.68587,129436.477156,20385321.4764,0.99116271951,0.367456532034,0.507678776808,0.130201613452,0.484063827671,0.73092899114
26,23.3866025238,67816659.1421,67.8166591421,0.743665154981,0.574671520595,1.33089034559,0.256334845019,241650.673974,0.890921191654,0.519480382856,7087782.68587,129436.477156,20444169.0382,0.989040261004,0.367481902442,0.507746431229,0.123601301832,0.485254059639,0.727764693297
27,23.3887998059,67818417.4716,67.8184174716,0.743665154981,0.574714190625,1.32927640733,0.256334845019,241634.236738,0.890389114134,0.519455279709,7087782.68587,129436.477156,20427726.3576,0.989231856403,0.368581286787,0.50943779176,0.135692045394,0.490322602442,0.727997674925
28,23.3920252651,67814362.9415,67.8143629415,0.743665154981,0.574684206459,1.33388399316,0.256334845019,241586.474354,0.890461403034,0.519513176061,7072467.74642,129436.477156,20445275.2259,0.988787173821,0.362027264732,0.498105676206,0.101950943201,0.482460135085,0.727453270971
29,23.3872386509,67817350.4559,67.8173504559,0.743665154981,0.574677881722,1.33021015531,0.256334845019,241646.564423,0.89092850079,0.519470515347,7087782.68587,129436.477156,20444394.9109,0.989116185511,0.368369866721,0.508998038022,0.127876277427,0.486002209182,0.727871666116
30,23.3866025238,67816659.1421,67.8166591421,0.743665154981,0.574671520595,1.33089034559,0.256334845019,241650.673974,0.890921191654,0.519480382856,7087782.68587,129436.477156,20444169.0382,0.989040261004,0.367481902442,0.507746431229,0.123601301832,0.485254059639,0.727764693297
31,23.3921623161,67820947.3303,67.8209473303,0.743665154981,0.574761677862,1.32710373085,0.256334845019,241608.515471,0.89029440956,0.519419214646,7087782.68587,129436.477156,20424799.7219,0.989509029298,0.364615046343,0.503145930587,0.110551950744,0.482979921109,0.728393661047
32,23.3866025238,67816659.1421,67.8166591421,0.743665154981,0.574671520595,1.33089034559,0.256334845019,241650.673974,0.890921191654,0.519480382856,7087782.68587,129436.477156,20444169.0382,0.989040261004,0.367481902442,0.507746431229,0.123601301832,0.485254059639,0.727764693297
33,23.3866025238,67816659.1421,67.8166591421,0.743665154981,0.574671520595,1.33089034559,0.256334845019,241650.673974,0.890921191654,0.519480382856,7087782.68587,129436.477156,20444169.0382,0.989040261004,0.367481902442,0.507746431229,0.123601301832,0.485254059639,0.727764693297
34,23.3385037723,67677208.0878,67.6772080878,0.745769614385,0.574477973638,1.30980914581,0.254230385615,241650.767147,0.897350035662,0.518860300636,7174869.71016,129436.477156,20328088.215,0.989042223208,0.368310669102,0.509031865232,0.127399497901,0.486378485952,0.727778678663
35,23.3866025238,67816659.1421,67.8166591421,0.743665154981,0.574671520595,1.33089034559,0.256334845019,241650.673974,0.890921191654,0.519480382856,7087782.68587,129436.477156,20444169.0382,0.989040261004,0.367481902442,0.507746431229,0.123601301832,0.485254059639,0.727764693297
36,23.3866025238,67816659.1421,67.8166591421,0.743665154981,0.574671520595,1.33089034559,0.256334845019,241650.673974,0.890921191654,0.519480382856,7087782.68587,129436.477156,20444169.0382,0.989040261004,0.367481902442,0.507746431229,0.123601301832,0.485254059639,0.727764693297
37,23.3866025238,67816659.1421,67.8166591421,0.743665154981,0.574671520595,1.33089034559,0.256334845019,241650.673974,0.890921191654,0.519480382856,7087782.68587,129436.477156,20444169.0382,0.989040261004,0.367481902442,0.507746431229,0.123601301832,0.485254059639,0.727764693297
38,23.4613080576,68030406.8679,68.0304068679,0.741860338092,0.575549233838,1.35009830614,0.258139661908,241640.43021,0.873067058835,0.5193946072,7006026.22529,129436.477156,20164146.7413,0.988739890241,0.368598200392,0.50947161897,0.131030884476,0.487635884965,0.727200502785
39,23.3866025238,67816659.1421,67.8166591421,0.743665154981,0.574671520595,1.33089034559,0.256334845019,241650.673974,0.890921191654,0.519480382856,7087782.68587,129436.477156,20444169.0382,0.989040261004,0.367481902442,0.507746431229,0.123601301832,0.485254059639,0.727764693297
40,23.3866025238,67816659.1421,67.8166591421,0.743665154981,0.574671520595,1.33089034559,0.256334845019,241650.673974,0.890921191654,0.519480382856,7087782.68587,129436.477156,20444169.0382,0.989040261004,0.367481902442,0.507746431229,0.123601301832,0.485254059639,0.727764693297
41,34.4399311638,64046179.9825,64.0461799825,0.827834445053,0.57651714932,1.15633659246,0.172165554947,154970.741371,0.959039069523,0.530926427617,5860040.73764,129436.477156,14045438.1583,0.990480573265,0.355507069887,0.487145659969,0.0646430169217,0.474328680636,0.732633602708
42,23.3866025238,67816659.1421,67.8166591421,0.743665154981,0.574671520595,1.33089034559,0.256334845019,241650.673974,0.890921191654,0.519480382856,7087782.68587,129436.477156,20444169.0382,0.989040261004,0.367481902442,0.507746431229,0.123601301832,0.485254059639,0.727764693297
43,23.4086051393,67840326.1594,67.8403261594,0.743472155424,0.574765444666,1.32006009767,0.256527844576,241507.790816,0.887431243571,0.519152378613,7081485.49659,129436.477156,20363265.2373,0.990563233037,0.367481902442,0.507746431229,0.130119879657,0.48388866665,0.729971401088
44,23.3866025238,67816659.1421,67.8166591421,0.743665154981,0.574671520595,1.33089034559,0.256334845019,241650.673974,0.890921191654,0.519480382856,7087782.68587,129436.477156,20444169.0382,0.989040261004,0.367481902442,0.507746431229,0.123601301832,0.485254059639,0.727764693297
45,23.3866025238,67816659.1421,67.8166591421,0.743665154981,0.574671520595,1.33089034559,0.256334845019,241650.673974,0.890921191654,0.519480382856,7087782.68587,129436.477156,20444169.0382,0.989040261004,0.367481902442,0.507746431229,0.123601301832,0.485254059639,0.727764693297
46,23.4036643243,67866135.0891,67.8661350891,0.743315251326,0.574628466496,1.35926380927,0.256684748674,241650.673974,0.887128811949,0.519340336681,7041706.52564,129436.477156,20410471.9273,0.989040261004,0.367481902442,0.507746431229,0.123601301832,0.485254059639,0.727764693297
47,23.2986079509,67562224.3826,67.5622243826,0.744642909613,0.574266237392,1.32544330673,0.255357090387,241653.294355,0.897939358564,0.520369163871,7070788.79152,129436.477156,20572199.7076,0.989080835744,0.367481902442,0.507746431229,0.123601256441,0.485872368315,0.72790814878
48,23.3368272439,67687382.4922,67.6873824922,0.744614191966,0.573761990748,1.32722163743,0.255385808034,241704.459168,0.907547373732,0.519694235388,7127114.26592,129436.477156,20814798.1961,0.988714109275,0.367481902442,0.507746431229,0.12094492263,0.48536638562,0.727360848033
49,23.3597658792,67738981.848,67.738981848,0.744032640237,0.574471661038,1.3232060291,0.255967359763,241651.187054,0.896962465975,0.519715248416,7159526.60616,129436.477156,20519379.5184,0.989047678344,0.366416345308,0.506021243488,0.120652540929,0.484633161574,0.72778386229
50,23.5781390473,68371939.5084,68.3719395084,0.740717724012,0.574744889801,1.34123895363,0.259282275988,241650.18343,0.886769974393,0.517902950796,7050674.36236,129436.477156,20668090.4637,0.989030787547,0.364970232055,0.503619511535,0.104096184414,0.482760645611,0.727745797476
51,23.3866025238,67816659.1421,67.8166591421,0.743665154981,0.574671520595,1.33089034559,0.256334845019,241650.673974,0.890921191654,0.519480382856,7087782.68587,129436.477156,20444169.0382,0.989040261004,0.367481902442,0.507746431229,0.123601301832,0.485254059639,0.727764693297
52,23.3866025238,67816659.1421,67.8166591421,0.743665154981,0.574671520595,1.33089034559,0.256334845019,241650.673974,0.890921191654,0.519480382856,7087782.68587,129436.477156,20444169.0382,0.989040261004,0.367481902442,0.507746431229,0.123601301832,0.485254059639,0.727764693297
53,23.4448106913,68022733.2809,68.0227332809,0.741635749067,0.575296331798,1.32527665141,0.258364250933,241783.189524,0.878794389343,0.519994781513,6868037.38958,129436.477156,20504166.1546,0.989117745092,0.378915499628,0.526858805223,0.157551235912,0.489784120051,0.727819505024
54,24.8010862378,67117820.1693,67.1178201693,0.743665154981,0.577091576513,1.35882424425,0.256334845019,225520.431933,0.857037220426,0.532548577238,7087782.68587,129436.477156,19397059.7442,0.98902320545,0.367481902442,0.507746431229,0.119594268837,0.485180218692,0.727760260279
55,23.9008192096,67629304.4541,67.6293044541,0.743665154981,0.576289956902,1.43948456311,0.256334845019,235798.418529,0.856403404072,0.521478710082,6015744.96208,129436.477156,20449510.7734,0.989000715637,0.36584973953,0.500744198633,0.0342054364861,0.487234094646,0.727707839347
56,23.3866025238,67816659.1421,67.8166591421,0.743665154981,0.574671520595,1.33089034559,0.256334845019,241650.673974,0.890921191654,0.519480382856,7087782.68587,129436.477156,20444169.0382,0.989040261004,0.367481902442,0.507746431229,0.123601301832,0.485254059639,0.727764693297
57,16.0451278206,68519266.2275,68.5192662275,0.666233687701,0.551999337538,1.62645974605,0.333766312299,355867.458093,1.6482731094,0.382350803443,18623492.8991,129436.477156,47699136.7838,1.0,0.364335971856,0.50277383127,0.119296863048,0.486391597173,0.730158111268
58,16.0451278206,68519266.2275,68.5192662275,0.666233687701,0.551999337538,1.62645974605,0.333766312299,355867.458093,1.6482731094,0.382350803443,18623492.8991,129436.477156,47699136.7838,1.0,0.364335971856,0.50277383127,0.119296863048,0.486391597173,0.730158111268
59,16.0451278206,68519266.2275,68.5192662275,0.666233687701,0.551999337538,1.62645974605,0.333766312299,355867.458093,1.6482731094,0.382350803443,18623492.8991,129436.477156,47699136.7838,1.0,0.364335971856,0.50277383127,0.119296863048,0.486391597173,0.730158111268
60,21.7941308955,63555055.3741,63.5550553741,0.806778645782,0.56996381716,0.784063032234,0.193221354218,243012.884519,1.29720677724,0.379239776917,8921270.56206,129436.477156,21295941.6363,1.0,0.483847506935,0.666666666667,0.534287495924,0.529181970324,0.767781473376
61,16.0451278206,68519266.2275,68.5192662275,0.666233687701,0.551999337538,1.62645974605,0.333766312299,355867.458093,1.6482731094,0.382350803443,18623492.8991,129436.477156,47699136.7838,1.0,0.364335971856,0.50277383127,0.119296863048,0.486391597173,0.730158111268
62,16.0451278206,68519266.2275,68.5192662275,0.666233687701,0.551999337538,1.62645974605,0.333766312299,355867.458093,1.6482731094,0.382350803443,18623492.8991,129436.477156,47699136.7838,1.0,0.364335971856,0.50277383127,0.119296863048,0.486391597173,0.730158111268
63,23.3866025238,67816659.1421,67.8166591421,0.743665154981,0.574671520595,1.33089034559,0.256334845019,241650.673974,0.890921191654,0.519480382856,7087782.68587,129436.477156,20444169.0382,0.989040261004,0.367481902442,0.507746431229,0.123601301832,0.485254059639,0.727764693297
64,16.0451278206,68519266.2275,68.5192662275,0.666233687701,0.551999337538,1.62645974605,0.333766312299,355867.458093,1.6482731094,0.382350803443,18623492.8991,129436.477156,47699136.7838,1.0,0.364335971856,0.50277383127,0.119296863048,0.486391597173,0.730158111268
65,16.0451278206,68519266.2275,68.5192662275,0.666233687701,0.551999337538,1.62645974605,0.333766312299,355867.458093,1.6482731094,0.382350803443,18623492.8991,129436.477156,47699136.7838,1.0,0.364335971856,0.50277383127,0.119296863048,0.486391597173,0.730158111268
66,16.0451278206,68519266.2275,68.5192662275,0.666233687701,0.551999337538,1.62645974605,0.333766312299,355867.458093,1.6482731094,0.382350803443,18623492.8991,129436.477156,47699136.7838,1.0,0.364335971856,0.50277383127,0.119296863048,0.486391597173,0.730158111268
67,19.6717509562,63070485.9502,63.0704859502,0.737242506849,0.545140268473,1.55802128749,0.262757493151,267178.749918,1.77055811017,0.502228122073,18797439.5599,129436.477156,37288675.5034,1.0,0.364716527975,0.503991610852,0.141635264993,0.480359887003,0.731799353834
68,16.0467139219,68518244.8879,68.5182448879,0.666233687701,0.552019955089,1.62685121652,0.333766312299,355826.979184,1.64775476064,0.382357158923,18606364.5077,129436.477156,47695408.0415,1.0,0.359295717475,0.492693322509,0.0931110217637,0.485542746231,0.729945866697
69,19.6099059678,64458490.1821,64.4584901821,0.753264016956,0.541924654371,1.34141066899,0.246735983044,273919.765721,1.96145026035,0.379614613475,19142444.82,129436.477156,39202045.8997,1.0,0.387651376767,0.534571409242,0.161252127869,0.489353684688,0.730557733319
70,16.0451278206,68519266.2275,68.5192662275,0.666233687701,0.551999337538,1.62645974605,0.333766312299,355867.458093,1.6482731094,0.382350803443,18623492.8991,129436.477156,47699136.7838,1.0,0.364335971856,0.50277383127,0.119296863048,0.486391597173,0.730158111268
71,16.0442657919,68526236.0995,68.5262360995,0.666233687701,0.551978454333,1.62458204925,0.333766312299,355922.779455,1.64941572294,0.382164516902,18604055.9454,129436.477156,47764549.8168,1.0,0.361773560652,0.49888370205,0.108834572665,0.485019012973,0.732069317906
72,17.7203792029,75627984.7926,75.6279847926,0.61627573832,0.577607821861,1.9045469913,0.38372426168,355654.469575,1.29078961013,0.353017197971,15263017.9354,129436.477156,44449417.3995,1.0,0.344513226439,0.471348352615,0.012303923756,0.475189178618,0.731002821295
73,16.0451278206,68519266.2275,68.5192662275,0.666233687701,0.551999337538,1.62645974605,0.333766312299,355867.458093,1.6482731094,0.382350803443,18623492.8991,129436.477156,47699136.7838,1.0,0.364335971856,0.50277383127,0.119296863048,0.486391597173,0.730158111268
74,28.3619451883,56534435.406,56.534435406,0.817116399188,0.559777565481,1.23317880264,0.182883600812,166110.008295,1.35486698184,0.620397256353,9223076.05159,129436.477156,20648730.4183,0.990209340659,0.370213449699,0.512448413504,0.148685165701,0.483636864983,0.729271510195
75,16.0418042232,68519310.6839,68.5193106839,0.666233687701,0.551933909568,1.62648486253,0.333766312299,355941.418904,1.64815208043,0.382321256684,18685760.8822,129436.477156,47631998.8802,0.998512333452,0.379008524457,0.525945470536,0.163279938139,0.504085485464,0.726224724397
76,15.4307533383,66066202.726,66.066202726,0.700200907615,0.529477247633,1.41651928867,0.299799092385,356788.600863,1.96243331018,0.430352929518,20953006.846,129436.477156,49974596.3806,0.994299113603,0.388344834585,0.539645490833,0.20400916991,0.509062918161,0.726497149561
77,16.0451278206,68519266.2275,68.5192662275,0.666233687701,0.551999337538,1.62645974605,0.333766312299,355867.458093,1.6482731094,0.382350803443,18623492.8991,129436.477156,47699136.7838,1.0,0.364335971856,0.50277383127,0.119296863048,0.486391597173,0.730158111268
78,16.0451437038,68519187.2119,68.5191872119,0.666233687701,0.551998804357,1.62651411648,0.333766312299,355866.695435,1.64826582478,0.38235211087,18623492.8991,129436.477156,47698843.6681,1.0,0.364479737501,0.502909140112,0.118926872588,0.486378868097,0.730148825829
79,16.0451277672,68519266.3595,68.5192663595,0.666233687701,0.551999336875,1.62645967659,0.333766312299,355867.459962,1.64827313905,0.382350800642,18623492.8991,129436.477156,47699137.977,1.0,0.364369799066,0.502841485691,0.119315880573,0.486404095623,0.730158158671
80,16.0451278206,68519266.2275,68.5192662275,0.666233687701,0.551999337538,1.62645974605,0.333766312299,355867.458093,1.6482731094,0.382350803443,18623492.8991,129436.477156,47699136.7838,1.0,0.364335971856,0.50277383127,0.119296863048,0.486391597173,0.730158111268
81,16.0451278206,68519266.2275,68.5192662275,0.666233687701,0.551999337538,1.62645974605,0.333766312299,355867.458093,1.6482731094,0.382350803443,18623492.8991,129436.477156,47699136.7838,1.0,0.364335971856,0.50277383127,0.119296863048,0.486391597173,0.730158111268
82,16.0412972386,68529399.6077,68.5293996077,0.666233687701,0.551930449698,1.62243105344,0.333766312299,356005.079621,1.65048883882,0.38208026967,18632235.8425,129436.477156,47779549.5764,0.999621717275,0.364911034436,0.503653338746,0.120160466766,0.494913557205,0.732239767221
83,16.0451278206,68519266.2275,68.5192662275,0.666233687701,0.551999337538,1.62645974605,0.333766312299,355867.458093,1.6482731094,0.382350803443,18623492.8991,129436.477156,47699136.7838,1.0,0.364335971856,0.50277383127,0.119296863048,0.486391597173,0.730158111268
84,15.9565641725,68521693.9706,68.5216939706,0.666233687701,0.55232124353,1.61620134828,0.333766312299,357855.306599,1.6491436095,0.382537519489,18623492.8991,129436.477156,47734163.6586,1.0,0.364183749408,0.502570868006,0.120846245889,0.484745619642,0.736608110192
85,23.3866025238,67816659.1421,67.8166591421,0.743665154981,0.574671520595,1.33089034559,0.256334845019,241650.673974,0.890921191654,0.519480382856,7087782.68587,129436.477156,20444169.0382,0.989040261004,0.367481902442,0.507746431229,0.123601301832,0.485254059639,0.727764693297
86,16.0451278206,68519266.2275,68.5192662275,0.666233687701,0.551999337538,1.62645974605,0.333766312299,355867.458093,1.6482731094,0.382350803443,18623492.8991,129436.477156,47699136.7838,1.0,0.364335971856,0.50277383127,0.119296863048,0.486391597173,0.730158111268
87,16.043474563,68518802.124,68.518802124,0.666233687701,0.551970896119,1.62618623465,0.333766312299,355901.71908,1.64844597718,0.382359811693,18632235.8425,129436.477156,47697349.6333,1.0,0.365308504161,0.504093092484,0.118077949458,0.491996781192,0.730068490811
88,16.0534882903,68512224.6642,68.5122246642,0.666233687701,0.55210424167,1.62859491663,0.333766312299,355645.573854,1.64614619579,0.382555454371,18567112.1853,129436.477156,47669935.5012,0.999882872738,0.359338001488,0.491340234084,0.0612858151946,0.481436091356,0.73034490275
89,16.0434483158,68519147.214,68.519147214,0.666233687701,0.551974907198,1.62601813329,0.333766312299,355904.093816,1.64845363756,0.382352608829,18632235.8425,129436.477156,47697657.8688,1.0,0.365249306542,0.504093092484,0.11989344413,0.486727630508,0.730137642767
90,16.0450416512,68519655.1577,68.5196551577,0.666233687701,0.552001547964,1.62619322762,0.333766312299,355871.389259,1.64831392995,0.38234433476,18623492.8991,129436.477156,47700779.307,1.0,0.36514782491,0.504093092484,0.122089989998,0.486728770738,0.730200382504
91,16.0451278206,68519266.2275,68.5192662275,0.666233687701,0.551999337538,1.62645974605,0.333766312299,355867.458093,1.6482731094,0.382350803443,18623492.8991,129436.477156,47699136.7838,1.0,0.364335971856,0.50277383127,0.119296863048,0.486391597173,0.730158111268
92,18.5337772922,65030216.8312,65.0302168312,0.730332680227,0.538962616301,1.58591603167,0.269667319773,292395.049887,2.03403819682,0.381201912286,18874941.2066,129436.477156,47251855.7248,1.0,0.364581219133,0.503145930587,0.116155669712,0.482021554019,0.730367093367
93,17.4658810852,72675279.1367,72.6752791367,0.635602362601,0.567913388572,1.89734596448,0.364397637399,346748.797376,1.40467894854,0.347884667753,16514844.3151,129436.477156,45193328.9392,1.0,0.37235302077,0.51667681483,0.134728859481,0.489346301335,0.730926993162
94,16.0451278206,68519266.2275,68.5192662275,0.666233687701,0.551999337538,1.62645974605,0.333766312299,355867.458093,1.6482731094,0.382350803443,18623492.8991,129436.477156,47699136.7838,1.0,0.364335971856,0.50277383127,0.119296863048,0.486391597173,0.730158111268
95,16.0451278206,68519266.2275,68.5192662275,0.666233687701,0.551999337538,1.62645974605,0.333766312299,355867.458093,1.6482731094,0.382350803443,18623492.8991,129436.477156,47699136.7838,1.0,0.364335971856,0.50277383127,0.119296863048,0.486391597173,0.730158111268
96,23.3866025238,67816659.1421,67.8166591421,0.743665154981,0.574671520595,1.33089034559,0.256334845019,241650.673974,0.890921191654,0.519480382856,7087782.68587,129436.477156,20444169.0382,0.989040261004,0.367481902442,0.507746431229,0.123601301832,0.485254059639,0.727764693297
97,16.0451278206,68519266.2275,68.5192662275,0.666233687701,0.551999337538,1.62645974605,0.333766312299,355867.458093,1.6482731094,0.382350803443,18623492.8991,129436.477156,47699136.7838,1.0,0.364335971856,0.50277383127,0.119296863048,0.486391597173,0.730158111268
98,16.2139379194,69235255.6515,69.2352556515,0.656662269001,0.55527365885,1.66656793845,0.343337730999,355842.280038,1.59402500701,0.375948232497,18454156.7759,129436.477156,47524994.8282,1.0,0.37474629592,0.519518300521,0.143642057314,0.497505218005,0.732556819925
99,16.0451278206,68519266.2275,68.5192662275,0.666233687701,0.551999337538,1.62645974605,0.333766312299,355867.458093,1.6482731094,0.382350803443,18623492.8991,129436.477156,47699136.7838,1.0,0.364335971856,0.50277383127,0.119296863048,0.486391597173,0.730158111268
100,16.0451278206,68519266.2275,68.5192662275,0.666233687701,0.551999337538,1.62645974605,0.333766312299,355867.458093,1.6482731094,0.382350803443,18623492.8991,129436.477156,47699136.7838,1.0,0.364335971856,0.50277383127,0.119296863048,0.486391597173,0.730158111268
101,16.0451278206,68519266.2275,68.5192662275,0.666233687701,0.551999337538,1.62645974605,0.333766312299,355867.458093,1.6482731094,0.382350803443,18623492.8991,129436.477156,47699136.7838,1.0,0.364335971856,0.50277383127,0.119296863048,0.486391597173,0.730158111268
102,16.0451278206,68519266.2275,68.5192662275,0.666233687701,0.551999337538,1.62645974605,0.333766312299,355867.458093,1.6482731094,0.382350803443,18623492.8991,129436.477156,47699136.7838,1.0,0.364335971856,0.50277383127,0.119296863048,0.486391597173,0.730158111268
103,16.0451278206,68519266.2275,68.5192662275,0.666233687701,0.551999337538,1.62645974605,0.333766312299,355867.458093,1.6482731094,0.382350803443,18623492.8991,129436.477156,47699136.7838,1.0,0.364335971856,0.50277383127,0.119296863048,0.486391597173,0.730158111268
104,16.4423491442,70198386.4111,70.1983864111,0.658572503726,0.553567491772,1.63120025059,0.341427496274,355780.398711,1.62034237175,0.369287690371,19022876.1737,129436.477156,47672441.5924,1.0,0.364335971856,0.50277383127,0.11929285397,0.486477883819,0.73037215628
105,16.0624373616,68593185.0558,68.5931850558,0.665325931333,0.552530013932,1.70340891687,0.334674068667,355867.458093,1.63075802575,0.382113860675,18327127.5427,129436.477156,47469199.696,1.0,0.364335971856,0.50277383127,0.119296863048,0.486391597173,0.730158111268
106,15.9415377393,68076827.6217,68.0768276217,0.669489760999,0.549693271576,1.60897798788,0.330510239001,355867.110266,1.68434022839,0.387090211841,18520162.8113,129436.477156,48592551.4354,1.0,0.364335971856,0.50277383127,0.119296863048,0.491035445912,0.730092937869
107,23.3866025238,67816659.1421,67.8166591421,0.743665154981,0.574671520595,1.33089034559,0.256334845019,241650.673974,0.890921191654,0.519480382856,7087782.68587,129436.477156,20444169.0382,0.989040261004,0.367481902442,0.507746431229,0.123601301832,0.485254059639,0.727764693297
